date,/g/11yjly_225,/g/11xt4k_q7r,/g/11xt4srq2w,/g/11xvlz7chy,/g/11xt00ktl_
2026-08-25,71,40,79,62,88
2026-08-26,66,39,76,69,100
2026-08-27,57,39,82,60,94
2026-08-28,58,40,72,66,85
2026-08-29,74,46,72,68,91
2026-08-30,66,46,96,91,92
2026-08-31,61,37,87,72,94
2026-09-01,65,34,80,59,90
2026-09-02,70,37,82,67,93
2026-09-03,62,43,73,57,87
2026-09-04,55,39,79,56,88
2026-09-05,67,37,78,71,92
2026-09-06,69,41,90,78,100
2026-09-07,67,37,79,68,82
2026-09-08,55,45,74,62,83
2026-09-09,55,37,60,54,76
2026-09-10,56,42,63,51,88
2026-09-11,66,44,70,58,77
2026-09-12,61,43,83,66,86
2026-09-13,61,41,79,54,93
2026-09-14,56,42,68,58,89
2026-09-15,53,41,60,51,70
2026-09-16,60,36,60,48,68
2026-09-17,58,37,54,46,78
2026-09-18,55,37,58,46,73
2026-09-19,60,34,73,65,99
2026-09-20,49,31,74,64,91
2026-09-21,43,33,79,72,84
2026-09-22,49,41,61,63,80
2026-09-23,57,39,61,64,87
2026-09-24,54,36,63,53,68
2026-09-25,57,37,66,53,75
2026-09-26,62,39,73,62,85
2026-09-27,64,39,76,59,83
2026-09-28,52,33,60,46,64
2026-09-29,51,40,65,51,80
